density,count,runs,mem_bitmap_B,mem_interval_B,t_bitmap_union_ms,t_interval_union_ms,t_bitmap_inter_ms,t_interval_inter_ms
9.5367431640625e-07,1,1,37596,200,0.001110005541704595,0.0007700000423938036,0.0016799895092844963,0.0006299960659816861
9.5367431640625e-07,1,1,71348,200,0.0014600082067772746,0.0006600021151825786,0.0027799978852272034,0.0005099864210933447
2.86102294921875e-06,3,3,138560,424,0.0031899980967864394,0.0009700015652924776,0.007840993930585682,0.0007799972081556916
4.76837158203125e-06,5,5,136440,680,0.0035900011425837874,0.0011899974197149277,0.009220006177201867,0.0015700061339884996
9.5367431640625e-06,10,10,122468,1304,0.003610010026022792,0.0018699938664212823,0.008999995770864189,0.002829998265951872
1.71661376953125e-05,18,18,139656,2264,0.0037900026654824615,0.0029999937396496534,0.010010000551119447,0.005171008524484932
3.147125244140625e-05,33,33,135620,4072,0.003759996616281569,0.004679997800849378,0.010160001693293452,0.00938099401537329
5.53131103515625e-05,58,58,139780,7064,0.0037900026654824615,0.007820999599061906,0.010130999726243317,0.01600100949872285
9.918212890625e-05,104,104,137952,12568,0.003749999450519681,0.013470009434968233,0.010150004527531564,0.02846001007128507
0.0001773834228515625,186,186,138812,22488,0.0037800054997205734,0.023900007363408804,0.01012999564409256,0.05058100214228034
0.00031566619873046875,331,331,139488,39944,0.003779990947805345,0.04077100311405957,0.010189993190579116,0.09577200398780406
0.0005617141723632812,589,589,139824,70760,0.003850000211969018,0.07662198913749307,0.010229996405541897,0.17468399892095476
0.00099945068359375,1048,1046,139688,126008,0.0037999998312443495,0.211694001336582,0.004350004019215703,0.3166670067002997
0.00177764892578125,1864,1862,139812,224728,0.0037999998312443495,0.3635080065578222,0.003859997377730906,0.5946120072621852
0.0031614303588867188,3315,3304,139824,399384,0.0038099969970062375,0.7523460080847144,0.0048209913074970245,0.9881310106720775
0.00562286376953125,5896,5854,139808,702808,0.003850000211969018,1.2972950062248856,0.003950000973418355,1.783024999895133
0.009999275207519531,10485,10382,139836,1247960,0.0037999998312443495,2.3434569884557277,0.004089990397915244,3.1735230004414916
0.017782211303710938,18646,18316,139824,2205144,0.0037900026654824615,4.6106610097922385,0.0040099985199049115,5.838626006152481
0.03162193298339844,33158,32120,139832,3874776,0.003820998244918883,9.964605997083709,0.0038099969970062375,10.576526998193003
0.05623340606689453,58965,55561,139836,6722792,0.0039900041883811355,32.56664899527095,0.003920009476132691,22.86793600069359
0.09999942779541016,104857,94350,139836,11368184,0.003850000211969018,52.2039869974833,0.003749999450519681,33.652975005679764
0.1778278350830078,186466,153520,139836,18477400,0.0037999998312443495,95.27505100413691,0.003769993782043457,69.08226800442208
0.3162269592285156,331588,226708,139836,27218392,0.004169996827840805,198.7387239933014,0.0041800085455179214,118.2346459972905
0.5623407363891602,589657,257316,139836,31131864,0.004430010449141264,225.64019700803328,0.00427001214120537,161.72642799210735
1.0,1048576,1,139836,200,0.005349997081793845,0.0008699862519279122,0.007819995516911149,0.0007399939931929111
