chunk_size,merge_ways,num_runs,merge_rounds,py_peak_mb,maxrss_mb
1000,2,100,7,0.196,15.2
1000,4,100,4,0.193,15.3
1000,8,100,3,0.216,15.6
1000,16,100,2,0.388,15.5
1000,32,100,2,0.738,15.9
5000,2,20,5,0.853,17.0
5000,4,20,3,0.853,17.0
5000,8,20,2,0.853,17.0
5000,16,20,2,0.853,17.0
5000,32,20,1,0.853,17.0
20000,2,5,3,3.368,22.3
20000,4,5,2,3.368,22.9
20000,8,5,1,3.367,22.9
20000,16,5,1,3.368,22.9
20000,32,5,1,3.367,22.9
50000,2,2,1,8.409,32.9
50000,4,2,1,8.408,32.9
50000,8,2,1,8.408,32.9
50000,16,2,1,8.408,32.9
50000,32,2,1,8.408,32.9
100000,2,1,0,16.708,50.9
100000,4,1,0,16.708,50.9
100000,8,1,0,16.708,51.0
100000,16,1,0,16.708,51.0
100000,32,1,0,16.708,51.0
