sample_ratio,tampered_shards,trials,measured_miss_rate,theoretical_miss_rate
0.0,1,2000,1.0000,1.0000
0.01,1,2000,0.9870,0.9900
0.05,1,2000,0.9470,0.9500
0.1,1,2000,0.8970,0.9000
0.2,1,2000,0.8035,0.8000
0.3,1,2000,0.7090,0.7000
0.5,1,2000,0.5055,0.5000
0.8,1,2000,0.1970,0.2000
1.0,1,2000,0.0000,0.0000
0.0,3,2000,1.0000,1.0000
0.01,3,2000,0.9765,0.9703
0.05,3,2000,0.8795,0.8574
0.1,3,2000,0.7470,0.7290
0.2,3,2000,0.5240,0.5120
0.3,3,2000,0.3600,0.3430
0.5,3,2000,0.1330,0.1250
0.8,3,2000,0.0050,0.0080
1.0,3,2000,0.0000,0.0000
0.0,10,2000,1.0000,1.0000
0.01,10,2000,0.9195,0.9044
0.05,10,2000,0.6115,0.5987
0.1,10,2000,0.3610,0.3487
0.2,10,2000,0.1110,0.1074
0.3,10,2000,0.0335,0.0282
0.5,10,2000,0.0005,0.0010
0.8,10,2000,0.0000,0.0000
1.0,10,2000,0.0000,0.0000
