t(s),breaker,attempted,executed,succeeded,rate_limited,circuit_open,half_open_busy,probe,succ_rate
0,closed,8,8,8,0,0,0,0,1.00
1,closed,8,8,8,0,0,0,0,1.00
2,closed,8,8,8,0,0,0,0,1.00
3,closed,8,5,5,3,0,0,0,0.62
4,closed,8,5,5,3,0,0,0,0.62
5,closed,8,5,5,3,0,0,0,0.62
6,closed,8,5,5,3,0,0,0,0.62
7,closed,8,5,5,3,0,0,0,0.62
8,closed,8,5,5,3,0,0,0,0.62
9,closed,8,5,5,3,0,0,0,0.62
10,open,8,5,0,3,0,0,0,0.00
11,open,8,0,0,0,8,0,0,0.00
12,open,8,0,0,0,8,0,0,0.00
13,open,8,0,0,0,8,0,0,0.00
14,open,8,0,0,0,8,0,0,0.00
15,open,8,0,0,0,8,0,0,0.00
16,open,8,0,0,0,8,0,0,0.00
17,open,8,0,0,0,8,0,0,0.00
18,open,8,0,0,0,8,0,0,0.00
19,open,8,0,0,0,8,0,0,0.00
20,open,8,1,0,0,7,0,1,0.00
21,open,8,0,0,0,8,0,0,0.00
22,open,8,0,0,0,8,0,0,0.00
23,open,8,0,0,0,8,0,0,0.00
24,open,8,0,0,0,8,0,0,0.00
25,open,8,0,0,0,8,0,0,0.00
26,open,8,0,0,0,8,0,0,0.00
27,open,8,0,0,0,8,0,0,0.00
28,open,8,0,0,0,8,0,0,0.00
29,open,8,0,0,0,8,0,0,0.00
30,open,8,1,0,0,7,0,1,0.00
31,open,8,0,0,0,8,0,0,0.00
32,open,8,0,0,0,8,0,0,0.00
33,open,8,0,0,0,8,0,0,0.00
34,open,8,0,0,0,8,0,0,0.00
35,open,8,0,0,0,8,0,0,0.00
36,open,8,0,0,0,8,0,0,0.00
37,open,8,0,0,0,8,0,0,0.00
38,open,8,0,0,0,8,0,0,0.00
39,open,8,0,0,0,8,0,0,0.00
40,half_open,8,1,1,0,7,0,1,0.12
41,closed,8,8,8,0,0,0,1,1.00
42,closed,8,8,8,0,0,0,0,1.00
43,closed,8,8,8,0,0,0,0,1.00
44,closed,8,5,5,3,0,0,0,0.62
45,closed,8,5,5,3,0,0,0,0.62
46,closed,8,5,5,3,0,0,0,0.62
47,closed,8,5,5,3,0,0,0,0.62
48,closed,8,5,5,3,0,0,0,0.62
49,closed,8,5,5,3,0,0,0,0.62
50,closed,8,5,5,3,0,0,0,0.62
51,closed,8,5,5,3,0,0,0,0.62
52,closed,8,5,5,3,0,0,0,0.62
53,closed,8,5,5,3,0,0,0,0.62
54,closed,8,5,5,3,0,0,0,0.62
55,closed,8,5,5,3,0,0,0,0.62
56,closed,8,5,5,3,0,0,0,0.62
57,closed,8,5,5,3,0,0,0,0.62
58,closed,8,5,5,3,0,0,0,0.62
59,closed,8,5,5,3,0,0,0,0.62
