noise,order,actual_err,error_est,theory_opt_err,fixed_h_err,n_evals
1.0e-13,1,2.269e-10,1.833e-09,1.825e-09,1.098e-09,22
1.0e-13,2,2.982e-07,6.177e-07,3.350e-07,1.192e-05,22
1.0e-12,1,1.727e-09,8.591e-09,8.471e-09,3.758e-10,22
1.0e-12,2,5.199e-07,4.777e-06,1.059e-06,3.326e-05,22
1.0e-11,1,5.961e-09,4.150e-08,3.932e-08,1.269e-08,22
1.0e-11,2,2.659e-07,2.809e-05,3.350e-06,2.079e-03,22
1.0e-10,1,2.712e-08,1.923e-07,1.825e-07,7.081e-08,22
1.0e-10,2,9.948e-06,6.313e-06,1.059e-05,1.095e-02,22
1.0e-09,1,4.447e-07,7.126e-07,8.471e-07,3.405e-06,22
1.0e-09,2,3.477e-05,4.117e-04,3.350e-05,2.588e-01,22
1.0e-08,1,1.667e-06,6.306e-06,3.932e-06,3.214e-05,22
1.0e-08,2,2.098e-04,1.172e-03,1.059e-04,1.828e+00,22
1.0e-07,1,8.883e-06,3.089e-05,1.825e-05,4.792e-04,22
1.0e-07,2,8.548e-04,4.593e-03,3.350e-04,8.676e+00,22
1.0e-06,1,6.644e-05,1.921e-04,8.471e-05,5.151e-03,22
1.0e-06,2,1.034e-02,2.602e-02,1.059e-03,1.921e+02,22
1.0e-05,1,5.745e-05,1.029e-03,3.932e-04,3.345e-02,22
1.0e-05,2,2.065e-02,3.122e-01,3.350e-03,1.320e+03,22
1.0e-04,1,3.016e-03,6.732e-03,1.825e-03,2.996e-01,22
1.0e-04,2,2.034e-02,8.202e-01,1.059e-02,4.767e+03,22
1.0e-03,1,8.187e-03,6.632e-02,8.471e-03,3.311e+00,22
1.0e-03,2,4.683e-02,2.012e+00,3.350e-02,7.038e+03,22
1.0e-02,1,1.477e-01,6.110e-01,3.932e-02,2.400e+00,22
1.0e-02,2,6.307e+00,6.823e+01,1.059e-01,1.786e+05,22
1.0e-01,1,4.734e-01,5.918e+00,1.825e-01,1.919e+02,22
1.0e-01,2,6.717e+01,2.706e+02,3.350e-01,2.619e+07,22
